Workbook

Sheet Sprints
B1: Sprints - Sistema de Gestão para MK Barbearia Medição de horas, acertabilidade e custo por sprint | Custo hora: R$ 250 | C1: Sprints - Sistema de Gestão para MK Barbearia Medição de horas, acertabilidade e custo por sprint | Custo hora: R$ 250 | D1: Sprints - Sistema de Gestão para MK Barbearia Medição de horas, acertabilidade e custo por sprint | Custo hora: R$ 250 | E1: Sprints - Sistema de Gestão para MK Barbearia Medição de horas, acertabilidade e custo por sprint | Custo hora: R$ 250 | F1: Sprints - Sistema de Gestão para MK Barbearia Medição de horas, acertabilidade e custo por sprint | Custo hora: R$ 250 | G1: Sprints - Sistema de Gestão para MK Barbearia Medição de horas, acertabilidade e custo por sprint | Custo hora: R$ 250 | H1: Sprints - Sistema de Gestão para MK Barbearia Medição de horas, acertabilidade e custo por sprint | Custo hora: R$ 250 | I1: Sprints - Sistema de Gestão para MK Barbearia Medição de horas, acertabilidade e custo por sprint | Custo hora: R$ 250 | J1: Sprints - Sistema de Gestão para MK Barbearia Medição de horas, acertabilidade e custo por sprint | Custo hora: R$ 250
B2: Sprints - Sistema de Gestão para MK Barbearia Medição de horas, acertabilidade e custo por sprint | Custo hora: R$ 250 | C2: Sprints - Sistema de Gestão para MK Barbearia Medição de horas, acertabilidade e custo por sprint | Custo hora: R$ 250 | D2: Sprints - Sistema de Gestão para MK Barbearia Medição de horas, acertabilidade e custo por sprint | Custo hora: R$ 250 | E2: Sprints - Sistema de Gestão para MK Barbearia Medição de horas, acertabilidade e custo por sprint | Custo hora: R$ 250 | F2: Sprints - Sistema de Gestão para MK Barbearia Medição de horas, acertabilidade e custo por sprint | Custo hora: R$ 250 | G2: Sprints - Sistema de Gestão para MK Barbearia Medição de horas, acertabilidade e custo por sprint | Custo hora: R$ 250 | H2: Sprints - Sistema de Gestão para MK Barbearia Medição de horas, acertabilidade e custo por sprint | Custo hora: R$ 250 | I2: Sprints - Sistema de Gestão para MK Barbearia Medição de horas, acertabilidade e custo por sprint | Custo hora: R$ 250 | J2: Sprints - Sistema de Gestão para MK Barbearia Medição de horas, acertabilidade e custo por sprint | Custo hora: R$ 250
B5: Sprint | C5: Período | D5: Objetivo | E5: Horas Estimadas | F5: Horas Gastas | G5: Diferença (Horas) | H5: Acertabilidade (%) | I5: Custo por Sprint (R$) | J5: Observações
B6: Sprint 0 | C6: 05/04/2026 a 18/04/2026 | D6: Setup, arquitetura e wireframes | E6: 104 | F6: 108 | G6: =F6-E6 -> 4 | H6: =IF(F6=0,"",(E6/F6)*100) -> 96.296296 | I6: =F6*250 -> 27000 | J6: Setup concluído com leve esforço adicional em ambiente e governança.
B7: Sprint 1 | C7: 19/04/2026 a 02/05/2026 | D7: Página inicial e autenticação | E7: 122 | F7: 128 | G7: =F7-E7 -> 6 | H7: =IF(F7=0,"",(E7/F7)*100) -> 95.3125 | I7: =F7*250 -> 32000 | J7: Cadastro/login exigiram ajustes extras em validação e recuperação de senha.
B8: Sprint 2 | C8: 03/05/2026 a 16/05/2026 | D8: Tela inicial logada e agendamento | E8: 126 | F8: 123 | G8: =F8-E8 -> -3 | H8: =IF(F8=0,"",(E8/F8)*100) -> 102.43902 | I8: =F8*250 -> 30750 | J8: Reuso de componentes reduziu esforço no fluxo de protocolo.
B9: Sprint 3 | C9: 17/05/2026 a 30/05/2026 | D9: Histórico, contato e painel admin | E9: 132 | F9: 139 | G9: =F9-E9 -> 7 | H9: =IF(F9=0,"",(E9/F9)*100) -> 94.964029 | I9: =F9*250 -> 34750 | J9: Contato por e-mail e calendário admin consumiram margem extra controlada.
B10: Sprint 4 | C10: 31/05/2026 a 13/06/2026 | D10: Admins, ajustes e integração | E10: 118 | F10: 121 | G10: =F10-E10 -> 3 | H10: =IF(F10=0,"",(E10/F10)*100) -> 97.520661 | I10: =F10*250 -> 30250 | J10: Integrações e RBAC ficaram próximos do planejado, com pequeno ajuste de UX.
B11: Sprint 5 | C11: 14/06/2026 a 27/06/2026 | D11: Testes, homologação e correções | E11: 112 | F11: 116 | G11: =F11-E11 -> 4 | H11: =IF(F11=0,"",(E11/F11)*100) -> 96.551724 | I11: =F11*250 -> 29000 | J11: Correções de homologação mantidas dentro da reserva técnica.
B12: Sprint 6 | C12: 28/06/2026 a 11/07/2026 | D12: Deploy, documentação e encerramento | E12: 76 | F12: 79 | G12: =F12-E12 -> 3 | H12: =IF(F12=0,"",(E12/F12)*100) -> 96.202532 | I12: =F12*250 -> 19750 | J12: Acompanhamento de go-live e treinamento demandaram horas adicionais.
B14: Totais / Indicadores | E14: =SUM(E6:E12) -> 790 | F14: =SUM(F6:F12) -> 814 | G14: =F14-E14 -> 24 | H14: =IF(F14=0,"",(E14/F14)*100) -> 97.051597 | I14: =SUM(I6:I12) -> 203500

Sheet Gráficos
A1: Gráficos de Desempenho por Sprint Comparação de horas, acertabilidade e custo total | B1: Gráficos de Desempenho por Sprint Comparação de horas, acertabilidade e custo total | C1: Gráficos de Desempenho por Sprint Comparação de horas, acertabilidade e custo total | D1: Gráficos de Desempenho por Sprint Comparação de horas, acertabilidade e custo total | E1: Gráficos de Desempenho por Sprint Comparação de horas, acertabilidade e custo total | F1: Gráficos de Desempenho por Sprint Comparação de horas, acertabilidade e custo total | G1: Gráficos de Desempenho por Sprint Comparação de horas, acertabilidade e custo total | H1: Gráficos de Desempenho por Sprint Comparação de horas, acertabilidade e custo total | I1: Gráficos de Desempenho por Sprint Comparação de horas, acertabilidade e custo total | J1: Gráficos de Desempenho por Sprint Comparação de horas, acertabilidade e custo total | K1: Gráficos de Desempenho por Sprint Comparação de horas, acertabilidade e custo total | L1: Gráficos de Desempenho por Sprint Comparação de horas, acertabilidade e custo total | M1: Gráficos de Desempenho por Sprint Comparação de horas, acertabilidade e custo total | N1: Gráficos de Desempenho por Sprint Comparação de horas, acertabilidade e custo total
A2: Gráficos de Desempenho por Sprint Comparação de horas, acertabilidade e custo total | B2: Gráficos de Desempenho por Sprint Comparação de horas, acertabilidade e custo total | C2: Gráficos de Desempenho por Sprint Comparação de horas, acertabilidade e custo total | D2: Gráficos de Desempenho por Sprint Comparação de horas, acertabilidade e custo total | E2: Gráficos de Desempenho por Sprint Comparação de horas, acertabilidade e custo total | F2: Gráficos de Desempenho por Sprint Comparação de horas, acertabilidade e custo total | G2: Gráficos de Desempenho por Sprint Comparação de horas, acertabilidade e custo total | H2: Gráficos de Desempenho por Sprint Comparação de horas, acertabilidade e custo total | I2: Gráficos de Desempenho por Sprint Comparação de horas, acertabilidade e custo total | J2: Gráficos de Desempenho por Sprint Comparação de horas, acertabilidade e custo total | K2: Gráficos de Desempenho por Sprint Comparação de horas, acertabilidade e custo total | L2: Gráficos de Desempenho por Sprint Comparação de horas, acertabilidade e custo total | M2: Gráficos de Desempenho por Sprint Comparação de horas, acertabilidade e custo total | N2: Gráficos de Desempenho por Sprint Comparação de horas, acertabilidade e custo total
A4: Horas estimadas | C4: Horas gastas | E4: Diferença total | G4: Acertabilidade média | J4: Custo total
A5: =Sprints!E14 -> 790 | C5: =Sprints!F14 -> 814 | E5: =Sprints!G14 -> 24 | G5: =Sprints!H14 -> 97.051597 | J5: =Sprints!I14 -> 203500
A8: Sprint | B8: Horas Estimadas | C8: Horas Gastas | D8: Acertabilidade (%) | E8: Custo por Sprint (R$)
A9: =Sprints!B6 -> Sprint 0 | B9: =Sprints!E6 -> 104 | C9: =Sprints!F6 -> 108 | D9: =Sprints!H6 -> 96.296296 | E9: =Sprints!I6 -> 27000
A10: =Sprints!B7 -> Sprint 1 | B10: =Sprints!E7 -> 122 | C10: =Sprints!F7 -> 128 | D10: =Sprints!H7 -> 95.3125 | E10: =Sprints!I7 -> 32000
A11: =Sprints!B8 -> Sprint 2 | B11: =Sprints!E8 -> 126 | C11: =Sprints!F8 -> 123 | D11: =Sprints!H8 -> 102.43902 | E11: =Sprints!I8 -> 30750
A12: =Sprints!B9 -> Sprint 3 | B12: =Sprints!E9 -> 132 | C12: =Sprints!F9 -> 139 | D12: =Sprints!H9 -> 94.964029 | E12: =Sprints!I9 -> 34750
A13: =Sprints!B10 -> Sprint 4 | B13: =Sprints!E10 -> 118 | C13: =Sprints!F10 -> 121 | D13: =Sprints!H10 -> 97.520661 | E13: =Sprints!I10 -> 30250
A14: =Sprints!B11 -> Sprint 5 | B14: =Sprints!E11 -> 112 | C14: =Sprints!F11 -> 116 | D14: =Sprints!H11 -> 96.551724 | E14: =Sprints!I11 -> 29000
A15: =Sprints!B12 -> Sprint 6 | B15: =Sprints!E12 -> 76 | C15: =Sprints!F12 -> 79 | D15: =Sprints!H12 -> 96.202532 | E15: =Sprints!I12 -> 19750
H36: Leitura executiva: • A maior variação ocorreu na Sprint 3, motivada por ajustes no contato por e-mail e calendário administrativo. • A acertabilidade total permanece saudável para um projeto de escopo evolutivo. • O custo total acompanha as horas efetivamente gastas, usando R$ 250 por hora. • As diferenças positivas indicam estouro de horas; a diferença negativa na Sprint 2 indica economia de esforço. | I36: Leitura executiva: • A maior variação ocorreu na Sprint 3, motivada por ajustes no contato por e-mail e calendário administrativo. • A acertabilidade total permanece saudável para um projeto de escopo evolutivo. • O custo total acompanha as horas efetivamente gastas, usando R$ 250 por hora. • As diferenças positivas indicam estouro de horas; a diferença negativa na Sprint 2 indica economia de esforço. | J36: Leitura executiva: • A maior variação ocorreu na Sprint 3, motivada por ajustes no contato por e-mail e calendário administrativo. • A acertabilidade total permanece saudável para um projeto de escopo evolutivo. • O custo total acompanha as horas efetivamente gastas, usando R$ 250 por hora. • As diferenças positivas indicam estouro de horas; a diferença negativa na Sprint 2 indica economia de esforço. | K36: Leitura executiva: • A maior variação ocorreu na Sprint 3, motivada por ajustes no contato por e-mail e calendário administrativo. • A acertabilidade total permanece saudável para um projeto de escopo evolutivo. • O custo total acompanha as horas efetivamente gastas, usando R$ 250 por hora. • As diferenças positivas indicam estouro de horas; a diferença negativa na Sprint 2 indica economia de esforço. | L36: Leitura executiva: • A maior variação ocorreu na Sprint 3, motivada por ajustes no contato por e-mail e calendário administrativo. • A acertabilidade total permanece saudável para um projeto de escopo evolutivo. • O custo total acompanha as horas efetivamente gastas, usando R$ 250 por hora. • As diferenças positivas indicam estouro de horas; a diferença negativa na Sprint 2 indica economia de esforço. | M36: Leitura executiva: • A maior variação ocorreu na Sprint 3, motivada por ajustes no contato por e-mail e calendário administrativo. • A acertabilidade total permanece saudável para um projeto de escopo evolutivo. • O custo total acompanha as horas efetivamente gastas, usando R$ 250 por hora. • As diferenças positivas indicam estouro de horas; a diferença negativa na Sprint 2 indica economia de esforço.
H37: Leitura executiva: • A maior variação ocorreu na Sprint 3, motivada por ajustes no contato por e-mail e calendário administrativo. • A acertabilidade total permanece saudável para um projeto de escopo evolutivo. • O custo total acompanha as horas efetivamente gastas, usando R$ 250 por hora. • As diferenças positivas indicam estouro de horas; a diferença negativa na Sprint 2 indica economia de esforço. | I37: Leitura executiva: • A maior variação ocorreu na Sprint 3, motivada por ajustes no contato por e-mail e calendário administrativo. • A acertabilidade total permanece saudável para um projeto de escopo evolutivo. • O custo total acompanha as horas efetivamente gastas, usando R$ 250 por hora. • As diferenças positivas indicam estouro de horas; a diferença negativa na Sprint 2 indica economia de esforço. | J37: Leitura executiva: • A maior variação ocorreu na Sprint 3, motivada por ajustes no contato por e-mail e calendário administrativo. • A acertabilidade total permanece saudável para um projeto de escopo evolutivo. • O custo total acompanha as horas efetivamente gastas, usando R$ 250 por hora. • As diferenças positivas indicam estouro de horas; a diferença negativa na Sprint 2 indica economia de esforço. | K37: Leitura executiva: • A maior variação ocorreu na Sprint 3, motivada por ajustes no contato por e-mail e calendário administrativo. • A acertabilidade total permanece saudável para um projeto de escopo evolutivo. • O custo total acompanha as horas efetivamente gastas, usando R$ 250 por hora. • As diferenças positivas indicam estouro de horas; a diferença negativa na Sprint 2 indica economia de esforço. | L37: Leitura executiva: • A maior variação ocorreu na Sprint 3, motivada por ajustes no contato por e-mail e calendário administrativo. • A acertabilidade total permanece saudável para um projeto de escopo evolutivo. • O custo total acompanha as horas efetivamente gastas, usando R$ 250 por hora. • As diferenças positivas indicam estouro de horas; a diferença negativa na Sprint 2 indica economia de esforço. | M37: Leitura executiva: • A maior variação ocorreu na Sprint 3, motivada por ajustes no contato por e-mail e calendário administrativo. • A acertabilidade total permanece saudável para um projeto de escopo evolutivo. • O custo total acompanha as horas efetivamente gastas, usando R$ 250 por hora. • As diferenças positivas indicam estouro de horas; a diferença negativa na Sprint 2 indica economia de esforço.
H38: Leitura executiva: • A maior variação ocorreu na Sprint 3, motivada por ajustes no contato por e-mail e calendário administrativo. • A acertabilidade total permanece saudável para um projeto de escopo evolutivo. • O custo total acompanha as horas efetivamente gastas, usando R$ 250 por hora. • As diferenças positivas indicam estouro de horas; a diferença negativa na Sprint 2 indica economia de esforço. | I38: Leitura executiva: • A maior variação ocorreu na Sprint 3, motivada por ajustes no contato por e-mail e calendário administrativo. • A acertabilidade total permanece saudável para um projeto de escopo evolutivo. • O custo total acompanha as horas efetivamente gastas, usando R$ 250 por hora. • As diferenças positivas indicam estouro de horas; a diferença negativa na Sprint 2 indica economia de esforço. | J38: Leitura executiva: • A maior variação ocorreu na Sprint 3, motivada por ajustes no contato por e-mail e calendário administrativo. • A acertabilidade total permanece saudável para um projeto de escopo evolutivo. • O custo total acompanha as horas efetivamente gastas, usando R$ 250 por hora. • As diferenças positivas indicam estouro de horas; a diferença negativa na Sprint 2 indica economia de esforço. | K38: Leitura executiva: • A maior variação ocorreu na Sprint 3, motivada por ajustes no contato por e-mail e calendário administrativo. • A acertabilidade total permanece saudável para um projeto de escopo evolutivo. • O custo total acompanha as horas efetivamente gastas, usando R$ 250 por hora. • As diferenças positivas indicam estouro de horas; a diferença negativa na Sprint 2 indica economia de esforço. | L38: Leitura executiva: • A maior variação ocorreu na Sprint 3, motivada por ajustes no contato por e-mail e calendário administrativo. • A acertabilidade total permanece saudável para um projeto de escopo evolutivo. • O custo total acompanha as horas efetivamente gastas, usando R$ 250 por hora. • As diferenças positivas indicam estouro de horas; a diferença negativa na Sprint 2 indica economia de esforço. | M38: Leitura executiva: • A maior variação ocorreu na Sprint 3, motivada por ajustes no contato por e-mail e calendário administrativo. • A acertabilidade total permanece saudável para um projeto de escopo evolutivo. • O custo total acompanha as horas efetivamente gastas, usando R$ 250 por hora. • As diferenças positivas indicam estouro de horas; a diferença negativa na Sprint 2 indica economia de esforço.
H39: Leitura executiva: • A maior variação ocorreu na Sprint 3, motivada por ajustes no contato por e-mail e calendário administrativo. • A acertabilidade total permanece saudável para um projeto de escopo evolutivo. • O custo total acompanha as horas efetivamente gastas, usando R$ 250 por hora. • As diferenças positivas indicam estouro de horas; a diferença negativa na Sprint 2 indica economia de esforço. | I39: Leitura executiva: • A maior variação ocorreu na Sprint 3, motivada por ajustes no contato por e-mail e calendário administrativo. • A acertabilidade total permanece saudável para um projeto de escopo evolutivo. • O custo total acompanha as horas efetivamente gastas, usando R$ 250 por hora. • As diferenças positivas indicam estouro de horas; a diferença negativa na Sprint 2 indica economia de esforço. | J39: Leitura executiva: • A maior variação ocorreu na Sprint 3, motivada por ajustes no contato por e-mail e calendário administrativo. • A acertabilidade total permanece saudável para um projeto de escopo evolutivo. • O custo total acompanha as horas efetivamente gastas, usando R$ 250 por hora. • As diferenças positivas indicam estouro de horas; a diferença negativa na Sprint 2 indica economia de esforço. | K39: Leitura executiva: • A maior variação ocorreu na Sprint 3, motivada por ajustes no contato por e-mail e calendário administrativo. • A acertabilidade total permanece saudável para um projeto de escopo evolutivo. • O custo total acompanha as horas efetivamente gastas, usando R$ 250 por hora. • As diferenças positivas indicam estouro de horas; a diferença negativa na Sprint 2 indica economia de esforço. | L39: Leitura executiva: • A maior variação ocorreu na Sprint 3, motivada por ajustes no contato por e-mail e calendário administrativo. • A acertabilidade total permanece saudável para um projeto de escopo evolutivo. • O custo total acompanha as horas efetivamente gastas, usando R$ 250 por hora. • As diferenças positivas indicam estouro de horas; a diferença negativa na Sprint 2 indica economia de esforço. | M39: Leitura executiva: • A maior variação ocorreu na Sprint 3, motivada por ajustes no contato por e-mail e calendário administrativo. • A acertabilidade total permanece saudável para um projeto de escopo evolutivo. • O custo total acompanha as horas efetivamente gastas, usando R$ 250 por hora. • As diferenças positivas indicam estouro de horas; a diferença negativa na Sprint 2 indica economia de esforço.
H40: Leitura executiva: • A maior variação ocorreu na Sprint 3, motivada por ajustes no contato por e-mail e calendário administrativo. • A acertabilidade total permanece saudável para um projeto de escopo evolutivo. • O custo total acompanha as horas efetivamente gastas, usando R$ 250 por hora. • As diferenças positivas indicam estouro de horas; a diferença negativa na Sprint 2 indica economia de esforço. | I40: Leitura executiva: • A maior variação ocorreu na Sprint 3, motivada por ajustes no contato por e-mail e calendário administrativo. • A acertabilidade total permanece saudável para um projeto de escopo evolutivo. • O custo total acompanha as horas efetivamente gastas, usando R$ 250 por hora. • As diferenças positivas indicam estouro de horas; a diferença negativa na Sprint 2 indica economia de esforço. | J40: Leitura executiva: • A maior variação ocorreu na Sprint 3, motivada por ajustes no contato por e-mail e calendário administrativo. • A acertabilidade total permanece saudável para um projeto de escopo evolutivo. • O custo total acompanha as horas efetivamente gastas, usando R$ 250 por hora. • As diferenças positivas indicam estouro de horas; a diferença negativa na Sprint 2 indica economia de esforço. | K40: Leitura executiva: • A maior variação ocorreu na Sprint 3, motivada por ajustes no contato por e-mail e calendário administrativo. • A acertabilidade total permanece saudável para um projeto de escopo evolutivo. • O custo total acompanha as horas efetivamente gastas, usando R$ 250 por hora. • As diferenças positivas indicam estouro de horas; a diferença negativa na Sprint 2 indica economia de esforço. | L40: Leitura executiva: • A maior variação ocorreu na Sprint 3, motivada por ajustes no contato por e-mail e calendário administrativo. • A acertabilidade total permanece saudável para um projeto de escopo evolutivo. • O custo total acompanha as horas efetivamente gastas, usando R$ 250 por hora. • As diferenças positivas indicam estouro de horas; a diferença negativa na Sprint 2 indica economia de esforço. | M40: Leitura executiva: • A maior variação ocorreu na Sprint 3, motivada por ajustes no contato por e-mail e calendário administrativo. • A acertabilidade total permanece saudável para um projeto de escopo evolutivo. • O custo total acompanha as horas efetivamente gastas, usando R$ 250 por hora. • As diferenças positivas indicam estouro de horas; a diferença negativa na Sprint 2 indica economia de esforço.
H41: Leitura executiva: • A maior variação ocorreu na Sprint 3, motivada por ajustes no contato por e-mail e calendário administrativo. • A acertabilidade total permanece saudável para um projeto de escopo evolutivo. • O custo total acompanha as horas efetivamente gastas, usando R$ 250 por hora. • As diferenças positivas indicam estouro de horas; a diferença negativa na Sprint 2 indica economia de esforço. | I41: Leitura executiva: • A maior variação ocorreu na Sprint 3, motivada por ajustes no contato por e-mail e calendário administrativo. • A acertabilidade total permanece saudável para um projeto de escopo evolutivo. • O custo total acompanha as horas efetivamente gastas, usando R$ 250 por hora. • As diferenças positivas indicam estouro de horas; a diferença negativa na Sprint 2 indica economia de esforço. | J41: Leitura executiva: • A maior variação ocorreu na Sprint 3, motivada por ajustes no contato por e-mail e calendário administrativo. • A acertabilidade total permanece saudável para um projeto de escopo evolutivo. • O custo total acompanha as horas efetivamente gastas, usando R$ 250 por hora. • As diferenças positivas indicam estouro de horas; a diferença negativa na Sprint 2 indica economia de esforço. | K41: Leitura executiva: • A maior variação ocorreu na Sprint 3, motivada por ajustes no contato por e-mail e calendário administrativo. • A acertabilidade total permanece saudável para um projeto de escopo evolutivo. • O custo total acompanha as horas efetivamente gastas, usando R$ 250 por hora. • As diferenças positivas indicam estouro de horas; a diferença negativa na Sprint 2 indica economia de esforço. | L41: Leitura executiva: • A maior variação ocorreu na Sprint 3, motivada por ajustes no contato por e-mail e calendário administrativo. • A acertabilidade total permanece saudável para um projeto de escopo evolutivo. • O custo total acompanha as horas efetivamente gastas, usando R$ 250 por hora. • As diferenças positivas indicam estouro de horas; a diferença negativa na Sprint 2 indica economia de esforço. | M41: Leitura executiva: • A maior variação ocorreu na Sprint 3, motivada por ajustes no contato por e-mail e calendário administrativo. • A acertabilidade total permanece saudável para um projeto de escopo evolutivo. • O custo total acompanha as horas efetivamente gastas, usando R$ 250 por hora. • As diferenças positivas indicam estouro de horas; a diferença negativa na Sprint 2 indica economia de esforço.
H42: Leitura executiva: • A maior variação ocorreu na Sprint 3, motivada por ajustes no contato por e-mail e calendário administrativo. • A acertabilidade total permanece saudável para um projeto de escopo evolutivo. • O custo total acompanha as horas efetivamente gastas, usando R$ 250 por hora. • As diferenças positivas indicam estouro de horas; a diferença negativa na Sprint 2 indica economia de esforço. | I42: Leitura executiva: • A maior variação ocorreu na Sprint 3, motivada por ajustes no contato por e-mail e calendário administrativo. • A acertabilidade total permanece saudável para um projeto de escopo evolutivo. • O custo total acompanha as horas efetivamente gastas, usando R$ 250 por hora. • As diferenças positivas indicam estouro de horas; a diferença negativa na Sprint 2 indica economia de esforço. | J42: Leitura executiva: • A maior variação ocorreu na Sprint 3, motivada por ajustes no contato por e-mail e calendário administrativo. • A acertabilidade total permanece saudável para um projeto de escopo evolutivo. • O custo total acompanha as horas efetivamente gastas, usando R$ 250 por hora. • As diferenças positivas indicam estouro de horas; a diferença negativa na Sprint 2 indica economia de esforço. | K42: Leitura executiva: • A maior variação ocorreu na Sprint 3, motivada por ajustes no contato por e-mail e calendário administrativo. • A acertabilidade total permanece saudável para um projeto de escopo evolutivo. • O custo total acompanha as horas efetivamente gastas, usando R$ 250 por hora. • As diferenças positivas indicam estouro de horas; a diferença negativa na Sprint 2 indica economia de esforço. | L42: Leitura executiva: • A maior variação ocorreu na Sprint 3, motivada por ajustes no contato por e-mail e calendário administrativo. • A acertabilidade total permanece saudável para um projeto de escopo evolutivo. • O custo total acompanha as horas efetivamente gastas, usando R$ 250 por hora. • As diferenças positivas indicam estouro de horas; a diferença negativa na Sprint 2 indica economia de esforço. | M42: Leitura executiva: • A maior variação ocorreu na Sprint 3, motivada por ajustes no contato por e-mail e calendário administrativo. • A acertabilidade total permanece saudável para um projeto de escopo evolutivo. • O custo total acompanha as horas efetivamente gastas, usando R$ 250 por hora. • As diferenças positivas indicam estouro de horas; a diferença negativa na Sprint 2 indica economia de esforço.
H43: Leitura executiva: • A maior variação ocorreu na Sprint 3, motivada por ajustes no contato por e-mail e calendário administrativo. • A acertabilidade total permanece saudável para um projeto de escopo evolutivo. • O custo total acompanha as horas efetivamente gastas, usando R$ 250 por hora. • As diferenças positivas indicam estouro de horas; a diferença negativa na Sprint 2 indica economia de esforço. | I43: Leitura executiva: • A maior variação ocorreu na Sprint 3, motivada por ajustes no contato por e-mail e calendário administrativo. • A acertabilidade total permanece saudável para um projeto de escopo evolutivo. • O custo total acompanha as horas efetivamente gastas, usando R$ 250 por hora. • As diferenças positivas indicam estouro de horas; a diferença negativa na Sprint 2 indica economia de esforço. | J43: Leitura executiva: • A maior variação ocorreu na Sprint 3, motivada por ajustes no contato por e-mail e calendário administrativo. • A acertabilidade total permanece saudável para um projeto de escopo evolutivo. • O custo total acompanha as horas efetivamente gastas, usando R$ 250 por hora. • As diferenças positivas indicam estouro de horas; a diferença negativa na Sprint 2 indica economia de esforço. | K43: Leitura executiva: • A maior variação ocorreu na Sprint 3, motivada por ajustes no contato por e-mail e calendário administrativo. • A acertabilidade total permanece saudável para um projeto de escopo evolutivo. • O custo total acompanha as horas efetivamente gastas, usando R$ 250 por hora. • As diferenças positivas indicam estouro de horas; a diferença negativa na Sprint 2 indica economia de esforço. | L43: Leitura executiva: • A maior variação ocorreu na Sprint 3, motivada por ajustes no contato por e-mail e calendário administrativo. • A acertabilidade total permanece saudável para um projeto de escopo evolutivo. • O custo total acompanha as horas efetivamente gastas, usando R$ 250 por hora. • As diferenças positivas indicam estouro de horas; a diferença negativa na Sprint 2 indica economia de esforço. | M43: Leitura executiva: • A maior variação ocorreu na Sprint 3, motivada por ajustes no contato por e-mail e calendário administrativo. • A acertabilidade total permanece saudável para um projeto de escopo evolutivo. • O custo total acompanha as horas efetivamente gastas, usando R$ 250 por hora. • As diferenças positivas indicam estouro de horas; a diferença negativa na Sprint 2 indica economia de esforço.
H44: Leitura executiva: • A maior variação ocorreu na Sprint 3, motivada por ajustes no contato por e-mail e calendário administrativo. • A acertabilidade total permanece saudável para um projeto de escopo evolutivo. • O custo total acompanha as horas efetivamente gastas, usando R$ 250 por hora. • As diferenças positivas indicam estouro de horas; a diferença negativa na Sprint 2 indica economia de esforço. | I44: Leitura executiva: • A maior variação ocorreu na Sprint 3, motivada por ajustes no contato por e-mail e calendário administrativo. • A acertabilidade total permanece saudável para um projeto de escopo evolutivo. • O custo total acompanha as horas efetivamente gastas, usando R$ 250 por hora. • As diferenças positivas indicam estouro de horas; a diferença negativa na Sprint 2 indica economia de esforço. | J44: Leitura executiva: • A maior variação ocorreu na Sprint 3, motivada por ajustes no contato por e-mail e calendário administrativo. • A acertabilidade total permanece saudável para um projeto de escopo evolutivo. • O custo total acompanha as horas efetivamente gastas, usando R$ 250 por hora. • As diferenças positivas indicam estouro de horas; a diferença negativa na Sprint 2 indica economia de esforço. | K44: Leitura executiva: • A maior variação ocorreu na Sprint 3, motivada por ajustes no contato por e-mail e calendário administrativo. • A acertabilidade total permanece saudável para um projeto de escopo evolutivo. • O custo total acompanha as horas efetivamente gastas, usando R$ 250 por hora. • As diferenças positivas indicam estouro de horas; a diferença negativa na Sprint 2 indica economia de esforço. | L44: Leitura executiva: • A maior variação ocorreu na Sprint 3, motivada por ajustes no contato por e-mail e calendário administrativo. • A acertabilidade total permanece saudável para um projeto de escopo evolutivo. • O custo total acompanha as horas efetivamente gastas, usando R$ 250 por hora. • As diferenças positivas indicam estouro de horas; a diferença negativa na Sprint 2 indica economia de esforço. | M44: Leitura executiva: • A maior variação ocorreu na Sprint 3, motivada por ajustes no contato por e-mail e calendário administrativo. • A acertabilidade total permanece saudável para um projeto de escopo evolutivo. • O custo total acompanha as horas efetivamente gastas, usando R$ 250 por hora. • As diferenças positivas indicam estouro de horas; a diferença negativa na Sprint 2 indica economia de esforço.
H45: Leitura executiva: • A maior variação ocorreu na Sprint 3, motivada por ajustes no contato por e-mail e calendário administrativo. • A acertabilidade total permanece saudável para um projeto de escopo evolutivo. • O custo total acompanha as horas efetivamente gastas, usando R$ 250 por hora. • As diferenças positivas indicam estouro de horas; a diferença negativa na Sprint 2 indica economia de esforço. | I45: Leitura executiva: • A maior variação ocorreu na Sprint 3, motivada por ajustes no contato por e-mail e calendário administrativo. • A acertabilidade total permanece saudável para um projeto de escopo evolutivo. • O custo total acompanha as horas efetivamente gastas, usando R$ 250 por hora. • As diferenças positivas indicam estouro de horas; a diferença negativa na Sprint 2 indica economia de esforço. | J45: Leitura executiva: • A maior variação ocorreu na Sprint 3, motivada por ajustes no contato por e-mail e calendário administrativo. • A acertabilidade total permanece saudável para um projeto de escopo evolutivo. • O custo total acompanha as horas efetivamente gastas, usando R$ 250 por hora. • As diferenças positivas indicam estouro de horas; a diferença negativa na Sprint 2 indica economia de esforço. | K45: Leitura executiva: • A maior variação ocorreu na Sprint 3, motivada por ajustes no contato por e-mail e calendário administrativo. • A acertabilidade total permanece saudável para um projeto de escopo evolutivo. • O custo total acompanha as horas efetivamente gastas, usando R$ 250 por hora. • As diferenças positivas indicam estouro de horas; a diferença negativa na Sprint 2 indica economia de esforço. | L45: Leitura executiva: • A maior variação ocorreu na Sprint 3, motivada por ajustes no contato por e-mail e calendário administrativo. • A acertabilidade total permanece saudável para um projeto de escopo evolutivo. • O custo total acompanha as horas efetivamente gastas, usando R$ 250 por hora. • As diferenças positivas indicam estouro de horas; a diferença negativa na Sprint 2 indica economia de esforço. | M45: Leitura executiva: • A maior variação ocorreu na Sprint 3, motivada por ajustes no contato por e-mail e calendário administrativo. • A acertabilidade total permanece saudável para um projeto de escopo evolutivo. • O custo total acompanha as horas efetivamente gastas, usando R$ 250 por hora. • As diferenças positivas indicam estouro de horas; a diferença negativa na Sprint 2 indica economia de esforço.
H46: Leitura executiva: • A maior variação ocorreu na Sprint 3, motivada por ajustes no contato por e-mail e calendário administrativo. • A acertabilidade total permanece saudável para um projeto de escopo evolutivo. • O custo total acompanha as horas efetivamente gastas, usando R$ 250 por hora. • As diferenças positivas indicam estouro de horas; a diferença negativa na Sprint 2 indica economia de esforço. | I46: Leitura executiva: • A maior variação ocorreu na Sprint 3, motivada por ajustes no contato por e-mail e calendário administrativo. • A acertabilidade total permanece saudável para um projeto de escopo evolutivo. • O custo total acompanha as horas efetivamente gastas, usando R$ 250 por hora. • As diferenças positivas indicam estouro de horas; a diferença negativa na Sprint 2 indica economia de esforço. | J46: Leitura executiva: • A maior variação ocorreu na Sprint 3, motivada por ajustes no contato por e-mail e calendário administrativo. • A acertabilidade total permanece saudável para um projeto de escopo evolutivo. • O custo total acompanha as horas efetivamente gastas, usando R$ 250 por hora. • As diferenças positivas indicam estouro de horas; a diferença negativa na Sprint 2 indica economia de esforço. | K46: Leitura executiva: • A maior variação ocorreu na Sprint 3, motivada por ajustes no contato por e-mail e calendário administrativo. • A acertabilidade total permanece saudável para um projeto de escopo evolutivo. • O custo total acompanha as horas efetivamente gastas, usando R$ 250 por hora. • As diferenças positivas indicam estouro de horas; a diferença negativa na Sprint 2 indica economia de esforço. | L46: Leitura executiva: • A maior variação ocorreu na Sprint 3, motivada por ajustes no contato por e-mail e calendário administrativo. • A acertabilidade total permanece saudável para um projeto de escopo evolutivo. • O custo total acompanha as horas efetivamente gastas, usando R$ 250 por hora. • As diferenças positivas indicam estouro de horas; a diferença negativa na Sprint 2 indica economia de esforço. | M46: Leitura executiva: • A maior variação ocorreu na Sprint 3, motivada por ajustes no contato por e-mail e calendário administrativo. • A acertabilidade total permanece saudável para um projeto de escopo evolutivo. • O custo total acompanha as horas efetivamente gastas, usando R$ 250 por hora. • As diferenças positivas indicam estouro de horas; a diferença negativa na Sprint 2 indica economia de esforço.
H47: Leitura executiva: • A maior variação ocorreu na Sprint 3, motivada por ajustes no contato por e-mail e calendário administrativo. • A acertabilidade total permanece saudável para um projeto de escopo evolutivo. • O custo total acompanha as horas efetivamente gastas, usando R$ 250 por hora. • As diferenças positivas indicam estouro de horas; a diferença negativa na Sprint 2 indica economia de esforço. | I47: Leitura executiva: • A maior variação ocorreu na Sprint 3, motivada por ajustes no contato por e-mail e calendário administrativo. • A acertabilidade total permanece saudável para um projeto de escopo evolutivo. • O custo total acompanha as horas efetivamente gastas, usando R$ 250 por hora. • As diferenças positivas indicam estouro de horas; a diferença negativa na Sprint 2 indica economia de esforço. | J47: Leitura executiva: • A maior variação ocorreu na Sprint 3, motivada por ajustes no contato por e-mail e calendário administrativo. • A acertabilidade total permanece saudável para um projeto de escopo evolutivo. • O custo total acompanha as horas efetivamente gastas, usando R$ 250 por hora. • As diferenças positivas indicam estouro de horas; a diferença negativa na Sprint 2 indica economia de esforço. | K47: Leitura executiva: • A maior variação ocorreu na Sprint 3, motivada por ajustes no contato por e-mail e calendário administrativo. • A acertabilidade total permanece saudável para um projeto de escopo evolutivo. • O custo total acompanha as horas efetivamente gastas, usando R$ 250 por hora. • As diferenças positivas indicam estouro de horas; a diferença negativa na Sprint 2 indica economia de esforço. | L47: Leitura executiva: • A maior variação ocorreu na Sprint 3, motivada por ajustes no contato por e-mail e calendário administrativo. • A acertabilidade total permanece saudável para um projeto de escopo evolutivo. • O custo total acompanha as horas efetivamente gastas, usando R$ 250 por hora. • As diferenças positivas indicam estouro de horas; a diferença negativa na Sprint 2 indica economia de esforço. | M47: Leitura executiva: • A maior variação ocorreu na Sprint 3, motivada por ajustes no contato por e-mail e calendário administrativo. • A acertabilidade total permanece saudável para um projeto de escopo evolutivo. • O custo total acompanha as horas efetivamente gastas, usando R$ 250 por hora. • As diferenças positivas indicam estouro de horas; a diferença negativa na Sprint 2 indica economia de esforço.
H48: Leitura executiva: • A maior variação ocorreu na Sprint 3, motivada por ajustes no contato por e-mail e calendário administrativo. • A acertabilidade total permanece saudável para um projeto de escopo evolutivo. • O custo total acompanha as horas efetivamente gastas, usando R$ 250 por hora. • As diferenças positivas indicam estouro de horas; a diferença negativa na Sprint 2 indica economia de esforço. | I48: Leitura executiva: • A maior variação ocorreu na Sprint 3, motivada por ajustes no contato por e-mail e calendário administrativo. • A acertabilidade total permanece saudável para um projeto de escopo evolutivo. • O custo total acompanha as horas efetivamente gastas, usando R$ 250 por hora. • As diferenças positivas indicam estouro de horas; a diferença negativa na Sprint 2 indica economia de esforço. | J48: Leitura executiva: • A maior variação ocorreu na Sprint 3, motivada por ajustes no contato por e-mail e calendário administrativo. • A acertabilidade total permanece saudável para um projeto de escopo evolutivo. • O custo total acompanha as horas efetivamente gastas, usando R$ 250 por hora. • As diferenças positivas indicam estouro de horas; a diferença negativa na Sprint 2 indica economia de esforço. | K48: Leitura executiva: • A maior variação ocorreu na Sprint 3, motivada por ajustes no contato por e-mail e calendário administrativo. • A acertabilidade total permanece saudável para um projeto de escopo evolutivo. • O custo total acompanha as horas efetivamente gastas, usando R$ 250 por hora. • As diferenças positivas indicam estouro de horas; a diferença negativa na Sprint 2 indica economia de esforço. | L48: Leitura executiva: • A maior variação ocorreu na Sprint 3, motivada por ajustes no contato por e-mail e calendário administrativo. • A acertabilidade total permanece saudável para um projeto de escopo evolutivo. • O custo total acompanha as horas efetivamente gastas, usando R$ 250 por hora. • As diferenças positivas indicam estouro de horas; a diferença negativa na Sprint 2 indica economia de esforço. | M48: Leitura executiva: • A maior variação ocorreu na Sprint 3, motivada por ajustes no contato por e-mail e calendário administrativo. • A acertabilidade total permanece saudável para um projeto de escopo evolutivo. • O custo total acompanha as horas efetivamente gastas, usando R$ 250 por hora. • As diferenças positivas indicam estouro de horas; a diferença negativa na Sprint 2 indica economia de esforço.
