Workbook

Sheet Resumo
A1: Backlog da Sprint 3 - Sistema MK Barbearia Período: 03/05/2026 a 16/05/2026 | Objetivo: histórico, contato e painel admin | B1: Backlog da Sprint 3 - Sistema MK Barbearia Período: 03/05/2026 a 16/05/2026 | Objetivo: histórico, contato e painel admin | C1: Backlog da Sprint 3 - Sistema MK Barbearia Período: 03/05/2026 a 16/05/2026 | Objetivo: histórico, contato e painel admin | D1: Backlog da Sprint 3 - Sistema MK Barbearia Período: 03/05/2026 a 16/05/2026 | Objetivo: histórico, contato e painel admin | E1: Backlog da Sprint 3 - Sistema MK Barbearia Período: 03/05/2026 a 16/05/2026 | Objetivo: histórico, contato e painel admin | F1: Backlog da Sprint 3 - Sistema MK Barbearia Período: 03/05/2026 a 16/05/2026 | Objetivo: histórico, contato e painel admin | G1: Backlog da Sprint 3 - Sistema MK Barbearia Período: 03/05/2026 a 16/05/2026 | Objetivo: histórico, contato e painel admin | H1: Backlog da Sprint 3 - Sistema MK Barbearia Período: 03/05/2026 a 16/05/2026 | Objetivo: histórico, contato e painel admin | I1: Backlog da Sprint 3 - Sistema MK Barbearia Período: 03/05/2026 a 16/05/2026 | Objetivo: histórico, contato e painel admin | J1: Backlog da Sprint 3 - Sistema MK Barbearia Período: 03/05/2026 a 16/05/2026 | Objetivo: histórico, contato e painel admin
A2: Backlog da Sprint 3 - Sistema MK Barbearia Período: 03/05/2026 a 16/05/2026 | Objetivo: histórico, contato e painel admin | B2: Backlog da Sprint 3 - Sistema MK Barbearia Período: 03/05/2026 a 16/05/2026 | Objetivo: histórico, contato e painel admin | C2: Backlog da Sprint 3 - Sistema MK Barbearia Período: 03/05/2026 a 16/05/2026 | Objetivo: histórico, contato e painel admin | D2: Backlog da Sprint 3 - Sistema MK Barbearia Período: 03/05/2026 a 16/05/2026 | Objetivo: histórico, contato e painel admin | E2: Backlog da Sprint 3 - Sistema MK Barbearia Período: 03/05/2026 a 16/05/2026 | Objetivo: histórico, contato e painel admin | F2: Backlog da Sprint 3 - Sistema MK Barbearia Período: 03/05/2026 a 16/05/2026 | Objetivo: histórico, contato e painel admin | G2: Backlog da Sprint 3 - Sistema MK Barbearia Período: 03/05/2026 a 16/05/2026 | Objetivo: histórico, contato e painel admin | H2: Backlog da Sprint 3 - Sistema MK Barbearia Período: 03/05/2026 a 16/05/2026 | Objetivo: histórico, contato e painel admin | I2: Backlog da Sprint 3 - Sistema MK Barbearia Período: 03/05/2026 a 16/05/2026 | Objetivo: histórico, contato e painel admin | J2: Backlog da Sprint 3 - Sistema MK Barbearia Período: 03/05/2026 a 16/05/2026 | Objetivo: histórico, contato e painel admin
A5: Campo | B5: Informação | D5: Tarefas | E5: Horas estimadas | F5: Colaboradores | G5: Horas de ausência | H5: Custo estimado
A6: Projeto | B6: Sistema de Gestão para MK Barbearia | D6: =COUNTA('Backlog Sprint 3'!A6:A15) -> 10 | E6: =SUM('Backlog Sprint 3'!I6:I15) -> 132 | F6: =COUNTA(Alocação!A6:A11) -> 6 | G6: =SUM(Ausências!E6:E7) -> 10 | H6: =SUM('Backlog Sprint 3'!I6:I15)*250 -> 33000
A7: Sprint | B7: Sprint 3
A8: Período | B8: 03/05/2026 a 16/05/2026
A9: Objetivo | B9: Entregar histórico de agendamentos, formulário de contato e recursos iniciais do painel administrativo.
A10: Premissa | B10: Dados fictícios, coerentes com o planejamento do portfólio e custo hora de R$ 250.
A12: Leitura executiva
A13: A Sprint 3 está dimensionada em 132 horas estimadas, distribuídas entre histórico do cliente, formulário de contato, agenda administrativa, gestão de serviços e QA funcional. O plano inclui duas ausências mitigadas: Pedro Neto em 11/05/2026, impactando o cadastro de agenda em lote, e Michelli de Oliveira em 13/05/2026 pela manhã, impactando a consolidação de evidências. As mitigações mantêm o aceite previsto em 16/05/2026.

Sheet Backlog Sprint 3
A1: Backlog Sprint 3 Tarefas, período, horas estimadas, alocação e impactos de ausência | B1: Backlog Sprint 3 Tarefas, período, horas estimadas, alocação e impactos de ausência | C1: Backlog Sprint 3 Tarefas, período, horas estimadas, alocação e impactos de ausência | D1: Backlog Sprint 3 Tarefas, período, horas estimadas, alocação e impactos de ausência | E1: Backlog Sprint 3 Tarefas, período, horas estimadas, alocação e impactos de ausência | F1: Backlog Sprint 3 Tarefas, período, horas estimadas, alocação e impactos de ausência | G1: Backlog Sprint 3 Tarefas, período, horas estimadas, alocação e impactos de ausência | H1: Backlog Sprint 3 Tarefas, período, horas estimadas, alocação e impactos de ausência | I1: Backlog Sprint 3 Tarefas, período, horas estimadas, alocação e impactos de ausência | J1: Backlog Sprint 3 Tarefas, período, horas estimadas, alocação e impactos de ausência | K1: Backlog Sprint 3 Tarefas, período, horas estimadas, alocação e impactos de ausência | L1: Backlog Sprint 3 Tarefas, período, horas estimadas, alocação e impactos de ausência | M1: Backlog Sprint 3 Tarefas, período, horas estimadas, alocação e impactos de ausência
A2: Backlog Sprint 3 Tarefas, período, horas estimadas, alocação e impactos de ausência | B2: Backlog Sprint 3 Tarefas, período, horas estimadas, alocação e impactos de ausência | C2: Backlog Sprint 3 Tarefas, período, horas estimadas, alocação e impactos de ausência | D2: Backlog Sprint 3 Tarefas, período, horas estimadas, alocação e impactos de ausência | E2: Backlog Sprint 3 Tarefas, período, horas estimadas, alocação e impactos de ausência | F2: Backlog Sprint 3 Tarefas, período, horas estimadas, alocação e impactos de ausência | G2: Backlog Sprint 3 Tarefas, período, horas estimadas, alocação e impactos de ausência | H2: Backlog Sprint 3 Tarefas, período, horas estimadas, alocação e impactos de ausência | I2: Backlog Sprint 3 Tarefas, período, horas estimadas, alocação e impactos de ausência | J2: Backlog Sprint 3 Tarefas, período, horas estimadas, alocação e impactos de ausência | K2: Backlog Sprint 3 Tarefas, período, horas estimadas, alocação e impactos de ausência | L2: Backlog Sprint 3 Tarefas, período, horas estimadas, alocação e impactos de ausência | M2: Backlog Sprint 3 Tarefas, período, horas estimadas, alocação e impactos de ausência
A5: ID | B5: Épico | C5: Tarefa | D5: Responsável | E5: Alocação detalhada | F5: Início | G5: Fim | H5: Período | I5: Horas Estimadas | J5: Status | K5: Ausência / Impacto | L5: Mitigação | M5: Critério de aceite
A6: S3-01 | B6: Histórico | C6: API e consulta de histórico de agendamentos do cliente | D6: Pedro Neto da Silva | E6: Pedro (10h); Jaqueline (2h) | F6: 04/05/2026 | G6: 06/05/2026 | H6: 04/05/2026 a 06/05/2026 | I6: 12 | J6: Concluída | K6: Sem impacto registrado | L6: Revisão técnica no checkpoint de 06/05 | M6: Endpoint retorna agendamentos por cliente com status e data
A7: S3-02 | B7: Histórico | C7: Tela de histórico na área logada do cliente | D7: Jaqueline da Silva de Oliveira | E7: Jaqueline (14h) | F7: 05/05/2026 | G7: 08/05/2026 | H7: 05/05/2026 a 08/05/2026 | I7: 14 | J7: Concluída | K7: Sem impacto registrado | L7: Validação visual com UX antes do QA | M7: Cliente visualiza histórico com serviço, data e situação
A8: S3-03 | B8: Histórico | C8: Filtros por período e status no histórico | D8: Jaqueline da Silva de Oliveira | E8: Jaqueline (12h) | F8: 07/05/2026 | G8: 11/05/2026 | H8: 07/05/2026 a 11/05/2026 | I8: 12 | J8: Concluída | K8: Sem impacto registrado | L8: Massa de teste com registros realizados, cancelados e pendentes | M8: Filtros retornam somente registros aderentes aos parâmetros
A9: S3-04 | B9: Contato | C9: Formulário de contato com validação de campos | D9: Jaqueline da Silva de Oliveira | E9: Jaqueline (8h); Joana (2h) | F9: 06/05/2026 | G9: 09/05/2026 | H9: 06/05/2026 a 09/05/2026 | I9: 10 | J9: Concluída | K9: Sem impacto registrado | L9: Revisão de textos e estados de erro com UX | M9: Cliente recebe feedback visual após envio válido
A10: S3-05 | B10: Contato | C10: Envio de mensagem ao atendimento e confirmação por e-mail | D10: Pedro Neto da Silva | E10: Pedro (9h); Marcos (3h) | F10: 07/05/2026 | G10: 12/05/2026 | H10: 07/05/2026 a 12/05/2026 | I10: 12 | J10: Concluída com ressalva | K10: Dependência da conta oficial de e-mail da MK | L10: Usar conta técnica em homologação até credencial definitiva | M10: Mensagem é registrada e enviada ao canal de atendimento
A11: S3-06 | B11: Admin agenda | C11: Cadastro de agenda em lote para administradores | D11: Pedro Neto da Silva | E11: Pedro (22h); Alysson (2h) | F11: 08/05/2026 | G11: 14/05/2026 | H11: 08/05/2026 a 14/05/2026 | I11: 24 | J11: Concluída com ressalva | K11: Pedro ausente em 11/05/2026 por 6h | L11: Replanejar integração para 12/05 e priorizar fluxo principal | M11: Admin cria slots por dia da semana, faixa horária e intervalo
A12: S3-07 | B12: Admin serviços | C12: Gestão de serviços e tabela de preços no painel admin | D12: Jaqueline da Silva de Oliveira | E12: Jaqueline (18h) | F12: 11/05/2026 | G12: 14/05/2026 | H12: 11/05/2026 a 14/05/2026 | I12: 18 | J12: Concluída | K12: Sem impacto registrado | L12: Validar reflexo das alterações na área pública e logada | M12: Serviço criado, editado e removido aparece corretamente nas telas
A13: S3-08 | B13: UX admin | C13: Ajustes de UX no calendário administrativo | D13: Joana de Azevedo | E13: Joana (8h) | F13: 12/05/2026 | G13: 14/05/2026 | H13: 12/05/2026 a 14/05/2026 | I13: 8 | J13: Concluída | K13: Sem impacto registrado | L13: Padronizar mensagens de erro, vazio e confirmação | M13: Mensagens e estados visuais revisados pela operação da MK
A14: S3-09 | B14: Qualidade | C14: QA funcional do histórico, contato e painel administrativo | D14: Michelli de Oliveira | E14: Michelli (18h) | F14: 12/05/2026 | G14: 15/05/2026 | H14: 12/05/2026 a 15/05/2026 | I14: 18 | J14: Concluída | K14: Michelli ausente em 13/05/2026 pela manhã por 4h | L14: Reagendar evidências para 15/05 e testar primeiro fluxos críticos | M14: Cenários principais executados sem defeito crítico
A15: S3-10 | B15: Aceite | C15: Review da sprint, evidências e termo de aceite | D15: Alysson Arcas | E15: Alysson (3h); Michelli (1h) | F15: 16/05/2026 | G15: 16/05/2026 | H15: 16/05/2026 | I15: 4 | J15: Concluída | K15: Sem impacto registrado | L15: Consolidar pendências e ressalvas no aceite | M15: Review realizada e pendências registradas para Sprint 4
A17: Total estimado da Sprint 3 | I17: =SUM(I6:I15) -> 132 | J17: Custo estimado: | L17: =I17*250 -> 33000

Sheet Alocação
A1: Funcionários Alocados - Sprint 3 Capacidade, ausências, horas estimadas e utilização | B1: Funcionários Alocados - Sprint 3 Capacidade, ausências, horas estimadas e utilização | C1: Funcionários Alocados - Sprint 3 Capacidade, ausências, horas estimadas e utilização | D1: Funcionários Alocados - Sprint 3 Capacidade, ausências, horas estimadas e utilização | E1: Funcionários Alocados - Sprint 3 Capacidade, ausências, horas estimadas e utilização | F1: Funcionários Alocados - Sprint 3 Capacidade, ausências, horas estimadas e utilização | G1: Funcionários Alocados - Sprint 3 Capacidade, ausências, horas estimadas e utilização | H1: Funcionários Alocados - Sprint 3 Capacidade, ausências, horas estimadas e utilização | I1: Funcionários Alocados - Sprint 3 Capacidade, ausências, horas estimadas e utilização
A2: Funcionários Alocados - Sprint 3 Capacidade, ausências, horas estimadas e utilização | B2: Funcionários Alocados - Sprint 3 Capacidade, ausências, horas estimadas e utilização | C2: Funcionários Alocados - Sprint 3 Capacidade, ausências, horas estimadas e utilização | D2: Funcionários Alocados - Sprint 3 Capacidade, ausências, horas estimadas e utilização | E2: Funcionários Alocados - Sprint 3 Capacidade, ausências, horas estimadas e utilização | F2: Funcionários Alocados - Sprint 3 Capacidade, ausências, horas estimadas e utilização | G2: Funcionários Alocados - Sprint 3 Capacidade, ausências, horas estimadas e utilização | H2: Funcionários Alocados - Sprint 3 Capacidade, ausências, horas estimadas e utilização | I2: Funcionários Alocados - Sprint 3 Capacidade, ausências, horas estimadas e utilização
A5: Colaborador | B5: Papel | C5: Capacidade planejada (h) | D5: Horas de ausência | E5: Capacidade efetiva (h) | F5: Horas alocadas | G5: Folga / Risco (h) | H5: Utilização (%) | I5: Tarefas vinculadas
A6: Alysson Arcas | B6: Coordenador do Projeto | C6: 32 | D6: 0 | E6: =C6-D6 -> 32 | F6: 5 | G6: =E6-F6 -> 27 | H6: =IF(E6=0,"",F6/E6) -> 0.15625 | I6: S3-06; S3-10
A7: Pedro Neto da Silva | B7: Desenvolvedor back-end | C7: 72 | D7: 6 | E7: =C7-D7 -> 66 | F7: 41 | G7: =E7-F7 -> 25 | H7: =IF(E7=0,"",F7/E7) -> 0.62121212 | I7: S3-01; S3-05; S3-06
A8: Jaqueline da Silva de Oliveira | B8: Desenvolvedora front-end | C8: 72 | D8: 0 | E8: =C8-D8 -> 72 | F8: 54 | G8: =E8-F8 -> 18 | H8: =IF(E8=0,"",F8/E8) -> 0.75 | I8: S3-01; S3-02; S3-03; S3-04; S3-07
A9: Joana de Azevedo | B9: UX/UI Designer | C9: 40 | D9: 0 | E9: =C9-D9 -> 40 | F9: 10 | G9: =E9-F9 -> 30 | H9: =IF(E9=0,"",F9/E9) -> 0.25 | I9: S3-04; S3-08
A10: Michelli de Oliveira | B10: QA / Testes funcionais | C10: 48 | D10: 4 | E10: =C10-D10 -> 44 | F10: 19 | G10: =E10-F10 -> 25 | H10: =IF(E10=0,"",F10/E10) -> 0.43181818 | I10: S3-09; S3-10
A11: Marcos Kawasaki | B11: DevOps / Infraestrutura | C11: 24 | D11: 0 | E11: =C11-D11 -> 24 | F11: 3 | G11: =E11-F11 -> 21 | H11: =IF(E11=0,"",F11/E11) -> 0.125 | I11: S3-05
A13: Totais | C13: =SUM(C6:C11) -> 288 | D13: =SUM(D6:D11) -> 10 | E13: =SUM(E6:E11) -> 278 | F13: =SUM(F6:F11) -> 132 | G13: =SUM(G6:G11) -> 146 | H13: =IF(E13=0,"",F13/E13) -> 0.47482014

Sheet Ausências
A1: Ausências e Impactos - Sprint 3 Registro de indisponibilidade, impacto e mitigação | B1: Ausências e Impactos - Sprint 3 Registro de indisponibilidade, impacto e mitigação | C1: Ausências e Impactos - Sprint 3 Registro de indisponibilidade, impacto e mitigação | D1: Ausências e Impactos - Sprint 3 Registro de indisponibilidade, impacto e mitigação | E1: Ausências e Impactos - Sprint 3 Registro de indisponibilidade, impacto e mitigação | F1: Ausências e Impactos - Sprint 3 Registro de indisponibilidade, impacto e mitigação | G1: Ausências e Impactos - Sprint 3 Registro de indisponibilidade, impacto e mitigação | H1: Ausências e Impactos - Sprint 3 Registro de indisponibilidade, impacto e mitigação | I1: Ausências e Impactos - Sprint 3 Registro de indisponibilidade, impacto e mitigação
A2: Ausências e Impactos - Sprint 3 Registro de indisponibilidade, impacto e mitigação | B2: Ausências e Impactos - Sprint 3 Registro de indisponibilidade, impacto e mitigação | C2: Ausências e Impactos - Sprint 3 Registro de indisponibilidade, impacto e mitigação | D2: Ausências e Impactos - Sprint 3 Registro de indisponibilidade, impacto e mitigação | E2: Ausências e Impactos - Sprint 3 Registro de indisponibilidade, impacto e mitigação | F2: Ausências e Impactos - Sprint 3 Registro de indisponibilidade, impacto e mitigação | G2: Ausências e Impactos - Sprint 3 Registro de indisponibilidade, impacto e mitigação | H2: Ausências e Impactos - Sprint 3 Registro de indisponibilidade, impacto e mitigação | I2: Ausências e Impactos - Sprint 3 Registro de indisponibilidade, impacto e mitigação
A5: ID | B5: Colaborador | C5: Data | D5: Período | E5: Horas | F5: Motivo | G5: Tarefa impactada | H5: Impacto identificado | I5: Status / Mitigação
A6: AUS-01 | B6: Pedro Neto da Silva | C6: 11/05/2026 | D6: Tarde | E6: 6 | F6: Consulta médica previamente comunicada | G6: S3-06 | H6: Ajuste no calendário de integração do cadastro em lote | I6: Mitigada
A7: AUS-02 | B7: Michelli de Oliveira | C7: 13/05/2026 | D7: Manhã | E7: 4 | F7: Treinamento interno de QA | G7: S3-09 | H7: Evidências finais movidas para 15/05/2026 | I7: Mitigada
A10: Observação: as ausências foram consideradas no planejamento de capacidade e mitigadas por replanejamento interno, sem alteração do período da sprint.
